<?xml version="1.0" encoding="UTF-8"?>
<!--
  ~ Copyright (c) 2011.
  ~
  ~ RBC Capital Markets.
  -->

<!DOCTYPE log4j:configuration SYSTEM "log4j.dtd">

<log4j:configuration xmlns:log4j="http://jakarta.apache.org/log4j/" debug="false">
    <appender name="CONSOLE" class="org.apache.log4j.ConsoleAppender">
        <layout class="org.apache.log4j.PatternLayout">
            <param name="ConversionPattern" value="[%d{dd/MM/yy hh:mm:ss:sss z}] %5p %c{2}: %m%n%t"/>
        </layout>
    </appender>

	<appender name="MainLog" class="org.apache.log4j.DailyRollingFileAppender">
		<param name="Threshold" value="info"/>
		<param name="Append" value="true"/>
		<param name="DatePattern" value="'.'yyyy-MM-dd" />
		<param name="ImmediateFlush" value="true"/>
		<param name="File" value="${log.dir}/${app.name}.log"/>
		<layout class="org.apache.log4j.PatternLayout">
			<param name="ConversionPattern" value="%d{HH:mm:ss,SSS} %C %t [%p] - %m%n"/>
		</layout>
	</appender>

    <appender name="ConsoleAppender" class="org.apache.log4j.ConsoleAppender">
        <layout class="org.apache.log4j.PatternLayout">
            <param name="ConversionPattern" value="%4t %C{1}:%m%n"/>
        </layout>
    </appender>

    <logger name="com.rbc.newton" additivity="false">
        <level value="info"/>
        <appender-ref ref="MainLog"/>
        <appender-ref ref="CONSOLE"/>
    </logger>
    <logger name="org.springframework" additivity="false">
        <level value="WARN"/>
        <appender-ref ref="MainLog"/>
    </logger>
    <logger name="com.mchange.v2.c3p0.ComboPooledDataSource" additivity="false">
        <level value="info"/>
        <appender-ref ref="MainLog"/>
        <appender-ref ref="CONSOLE"/>
    </logger>

    <root>
        <priority value="INFO"/>
        <appender-ref ref="MainLog"/>
    </root>

</log4j:configuration>