Entity,Path,Value,Prefix
client,crossover.internal_source.client_name,crossover.internal_source.client_id,
client,rbc_selected_client.legal_name,rbc_selected_client.client_id,Legal Name
client,rbc_selected_client.personal_client.given_name,null,
client,rbc_selected_client.personal_client.last_name,null,
client,rbc_selected_client.personal_client.prefix,null,
client,rbc_selected_client.personal_client.suffix,null,
client,rbc_selected_client.short_name,rbc_selected_client.client_id,
client,rbc_selected_client.sn_short_name,rbc_selected_client.sn_client_id,
client,rbc_selected_client.sn_short_name,rbc_selected_client.sn_company_SRF_number,
client,bcrms_client_common.legal_name,rbc_selected_client.client_id,Legal Name
client,bcrms_client_common.short_name,rbc_selected_client.client_id,
rating,client_information.legal_name,client_information.client_id,Legal Name
rating,client_information.name,client_information.client_id,
rating,client_information.single_name,client_information.single_name_id,
rating,client_information.snb_structure[n].client_name,client_information.snb_structure[n].RBC_id,
rating,crossover.internal_recipients[n].client_name,crossover.internal_recipients[n].client_id,
rating,crossover.internal_recipients[n].single_name,crossover.internal_recipients[n].single_name_id,
rating,crossover.internal_recipients[n].single_name,crossover.internal_recipients[n].srf_id,
rating,crossover.internal_source.client_name,crossover.internal_source.client_id,
rating,crossover.internal_source.client_name_id,crossover.internal_source.client_id,
rating,crossover_push.evaluated_recipients[n].single_name,crossover_push.evaluated_recipients[n].single_name_id,
rating,crossover_push.evaluated_recipients[n].client_name,crossover_push.evaluated_recipients[n].client_id,
stmt,statement_data.partner_information.partner_name,statement_data.partner_information.partner_id,
