<?xml version="1.0" encoding="UTF-8"?>
<beans xmlns="http://www.springframework.org/schema/beans"
	xmlns:xsi="http://www.w3.org/2001/XMLSchema-instance"
	xmlns:integration="http://www.springframework.org/schema/integration"
	xmlns:util="http://www.springframework.org/schema/util" 
	xmlns:context="http://www.springframework.org/schema/context"
	xmlns:tx="http://www.springframework.org/schema/tx"
	xsi:schemaLocation="http://www.springframework.org/schema/beans
      http://www.springframework.org/schema/beans/spring-beans-3.0.xsd
      http://www.springframework.org/schema/tx
      http://www.springframework.org/schema/tx/spring-tx-3.0.xsd
      http://www.springframework.org/schema/aop
      http://www.springframework.org/schema/aop/spring-aop-3.0.xsd
      http://www.springframework.org/schema/util http://www.springframework.org/schema/util/spring-util-2.0.xsd
       http://www.springframework.org/schema/context http://www.springframework.org/schema/context/spring-context.xsd">
       
	<context:component-scan base-package="com.rbc.newton.common" />
	<context:component-scan base-package="com.rbc.newton.domain" />
	<context:component-scan base-package="com.rbc.newton.dao" />
	<context:component-scan base-package="com.rbc.newton.revision" />
	<context:component-scan base-package="com.rbc.newton.jms" />

	<context:component-scan base-package="com.rbc.newton.mask" />

	<bean
		class="org.springframework.beans.factory.config.PropertyPlaceholderConfigurer"
		id="propertyConfigurer">
		<property name="locations">
			<list>
				<value>classpath*:load.properties</value>
				<!-- Revert back once local testing done -->
				<value>classpath*:load.properties.#{systemProperties.env}</value>
			</list>
		</property>
	</bean>

	<bean id="dataSource" class="com.mchange.v2.c3p0.ComboPooledDataSource"
		destroy-method="close">
		<property name="driverClass" value="${jdbc.driverClassName}" />
		<property name="jdbcUrl" value="${jdbc.url}" />
		<property name="user" value="${jdbc.username}" />
		<property name="password" value="${jdbc.password}" />
		<property name="maxPoolSize" value="${jdbc.maxPoolSize}" />
		<property name="minPoolSize" value="${jdbc.minPoolSize}" />
		<property name="acquireIncrement" value="${jdbc.poolIncrement}" />
	</bean>

	<bean id="jdbcTemplate" class="org.springframework.jdbc.core.JdbcTemplate">
		<property name="dataSource" ref="dataSource" />
	</bean>
	
	<bean id="transactionManager" class="org.springframework.jdbc.datasource.DataSourceTransactionManager">
		<property name="dataSource" ref="dataSource"/>
	</bean>
	
	<tx:annotation-driven transaction-manager="transactionManager" />
</beans>
