<assembly>
	<id>package</id>
	<formats>
		<format>zip</format>
	</formats>
	<dependencySets>
		<dependencySet>
			<outputDirectory>lib</outputDirectory>
			<unpack>false</unpack>
			<scope>runtime</scope>
		</dependencySet>
	</dependencySets>
	<fileSets>
		<fileSet>
			<directory>src/main/resources</directory>
			<outputDirectory>config</outputDirectory>
			<excludes>
				<exclude>**/scripts/</exclude>
			</excludes>
		</fileSet>
		<fileSet>
			<directory>src/main/resources/scripts</directory>
			<outputDirectory>scripts</outputDirectory>
		</fileSet>
		<fileSet>
			<directory>logs</directory>
			<outputDirectory>logs</outputDirectory>
			<excludes>
				<exclude>**/*.log</exclude>
			</excludes>
		</fileSet>
	</fileSets>
</assembly>
